{
  "HTTP GET - jsonplaceholder.typicode.com/posts" : {
    "transaction" : "HTTP GET - jsonplaceholder.typicode.com/posts",
    "sampleCount" : 644658,
    "errorCount" : 0,
    "errorPct" : 0.0,
    "meanResTime" : 13.86469725032473,
    "medianResTime" : 13.0,
    "minResTime" : 9.0,
    "maxResTime" : 1641.0,
    "pct1ResTime" : 16.0,
    "pct2ResTime" : 17.0,
    "pct3ResTime" : 21.0,
    "throughput" : 5381.208367418488,
    "receivedKBytesPerSec" : 151051.3461005714,
    "sentKBytesPerSec" : 751.1056371976159
  },
  "Total" : {
    "transaction" : "Total",
    "sampleCount" : 644658,
    "errorCount" : 0,
    "errorPct" : 0.0,
    "meanResTime" : 13.86469725032473,
    "medianResTime" : 13.0,
    "minResTime" : 9.0,
    "maxResTime" : 1641.0,
    "pct1ResTime" : 16.0,
    "pct2ResTime" : 17.0,
    "pct3ResTime" : 21.0,
    "throughput" : 5381.208367418488,
    "receivedKBytesPerSec" : 151051.3461005714,
    "sentKBytesPerSec" : 751.1056371976159
  }
}