{
  "Total" : {
    "transaction" : "Total",
    "sampleCount" : 1169,
    "errorCount" : 0,
    "errorPct" : 0.0,
    "meanResTime" : 25.211291702309687,
    "medianResTime" : 24.0,
    "minResTime" : 22.0,
    "maxResTime" : 336.0,
    "pct1ResTime" : 26.0,
    "pct2ResTime" : 28.0,
    "pct3ResTime" : 31.0,
    "throughput" : 39.11923167018037,
    "receivedKBytesPerSec" : 53.42191970560185,
    "sentKBytesPerSec" : 6.3006140615065425
  },
  "GET post by id" : {
    "transaction" : "GET post by id",
    "sampleCount" : 1169,
    "errorCount" : 0,
    "errorPct" : 0.0,
    "meanResTime" : 25.211291702309687,
    "medianResTime" : 24.0,
    "minResTime" : 22.0,
    "maxResTime" : 336.0,
    "pct1ResTime" : 26.0,
    "pct2ResTime" : 28.0,
    "pct3ResTime" : 31.0,
    "throughput" : 39.11923167018037,
    "receivedKBytesPerSec" : 53.42191970560185,
    "sentKBytesPerSec" : 6.3006140615065425
  }
}