{
  "Total" : {
    "transaction" : "Total",
    "sampleCount" : 141828,
    "errorCount" : 0,
    "errorPct" : 0.0,
    "meanResTime" : 7.74008658374927,
    "medianResTime" : 7.0,
    "minResTime" : 4.0,
    "maxResTime" : 342.0,
    "pct1ResTime" : 10.0,
    "pct2ResTime" : 11.0,
    "pct3ResTime" : 15.0,
    "throughput" : 2366.1661661661665,
    "receivedKBytesPerSec" : 3231.929585835836,
    "sentKBytesPerSec" : 381.10343416333
  },
  "GET post by id" : {
    "transaction" : "GET post by id",
    "sampleCount" : 141828,
    "errorCount" : 0,
    "errorPct" : 0.0,
    "meanResTime" : 7.74008658374927,
    "medianResTime" : 7.0,
    "minResTime" : 4.0,
    "maxResTime" : 342.0,
    "pct1ResTime" : 10.0,
    "pct2ResTime" : 11.0,
    "pct3ResTime" : 15.0,
    "throughput" : 2366.1661661661665,
    "receivedKBytesPerSec" : 3231.929585835836,
    "sentKBytesPerSec" : 381.10343416333
  }
}