{
  "Total" : {
    "transaction" : "Total",
    "sampleCount" : 183940,
    "errorCount" : 0,
    "errorPct" : 0.0,
    "meanResTime" : 5.95349570512123,
    "medianResTime" : 6.0,
    "minResTime" : 3.0,
    "maxResTime" : 344.0,
    "pct1ResTime" : 7.0,
    "pct2ResTime" : 8.0,
    "pct3ResTime" : 9.0,
    "throughput" : 3069.6059943594278,
    "receivedKBytesPerSec" : 4193.024602927924,
    "sentKBytesPerSec" : 494.40214225443486
  },
  "GET post by id" : {
    "transaction" : "GET post by id",
    "sampleCount" : 183940,
    "errorCount" : 0,
    "errorPct" : 0.0,
    "meanResTime" : 5.95349570512123,
    "medianResTime" : 6.0,
    "minResTime" : 3.0,
    "maxResTime" : 344.0,
    "pct1ResTime" : 7.0,
    "pct2ResTime" : 8.0,
    "pct3ResTime" : 9.0,
    "throughput" : 3069.6059943594278,
    "receivedKBytesPerSec" : 4193.024602927924,
    "sentKBytesPerSec" : 494.40214225443486
  }
}