{
  "Total" : {
    "transaction" : "Total",
    "sampleCount" : 30840,
    "errorCount" : 0,
    "errorPct" : 0.0,
    "meanResTime" : 17.896498054474545,
    "medianResTime" : 18.0,
    "minResTime" : 12.0,
    "maxResTime" : 400.0,
    "pct1ResTime" : 20.0,
    "pct2ResTime" : 21.0,
    "pct3ResTime" : 22.0,
    "throughput" : 515.1677134838968,
    "receivedKBytesPerSec" : 703.3864813629644,
    "sentKBytesPerSec" : 82.97477863887312
  },
  "GET post by id" : {
    "transaction" : "GET post by id",
    "sampleCount" : 30840,
    "errorCount" : 0,
    "errorPct" : 0.0,
    "meanResTime" : 17.896498054474545,
    "medianResTime" : 18.0,
    "minResTime" : 12.0,
    "maxResTime" : 400.0,
    "pct1ResTime" : 20.0,
    "pct2ResTime" : 21.0,
    "pct3ResTime" : 22.0,
    "throughput" : 515.1677134838968,
    "receivedKBytesPerSec" : 703.3864813629644,
    "sentKBytesPerSec" : 82.97477863887312
  }
}