{
  "Total" : {
    "transaction" : "Total",
    "sampleCount" : 1588,
    "errorCount" : 0,
    "errorPct" : 0.0,
    "meanResTime" : 12.243702770780837,
    "medianResTime" : 11.0,
    "minResTime" : 9.0,
    "maxResTime" : 315.0,
    "pct1ResTime" : 14.0,
    "pct2ResTime" : 15.0,
    "pct3ResTime" : 36.0,
    "throughput" : 79.85517449461933,
    "receivedKBytesPerSec" : 109.01528360090013,
    "sentKBytesPerSec" : 12.86159232625968
  },
  "GET post by id" : {
    "transaction" : "GET post by id",
    "sampleCount" : 1588,
    "errorCount" : 0,
    "errorPct" : 0.0,
    "meanResTime" : 12.243702770780837,
    "medianResTime" : 11.0,
    "minResTime" : 9.0,
    "maxResTime" : 315.0,
    "pct1ResTime" : 14.0,
    "pct2ResTime" : 15.0,
    "pct3ResTime" : 36.0,
    "throughput" : 79.85517449461933,
    "receivedKBytesPerSec" : 109.01528360090013,
    "sentKBytesPerSec" : 12.86159232625968
  }
}