{
  "Total" : {
    "transaction" : "Total",
    "sampleCount" : 1436,
    "errorCount" : 1436,
    "errorPct" : 100.0,
    "meanResTime" : 27.140668523676908,
    "medianResTime" : 26.0,
    "minResTime" : 25.0,
    "maxResTime" : 362.0,
    "pct1ResTime" : 28.0,
    "pct2ResTime" : 28.0,
    "pct3ResTime" : 46.0,
    "throughput" : 72.21523761629368,
    "receivedKBytesPerSec" : 131.60791740005027,
    "sentKBytesPerSec" : 15.639536711088759
  },
  "HTTP POST - jsonplaceholder.typicode.com/posts" : {
    "transaction" : "HTTP POST - jsonplaceholder.typicode.com/posts",
    "sampleCount" : 1436,
    "errorCount" : 1436,
    "errorPct" : 100.0,
    "meanResTime" : 27.140668523676908,
    "medianResTime" : 26.0,
    "minResTime" : 25.0,
    "maxResTime" : 362.0,
    "pct1ResTime" : 28.0,
    "pct2ResTime" : 28.0,
    "pct3ResTime" : 46.0,
    "throughput" : 72.21523761629368,
    "receivedKBytesPerSec" : 131.60791740005027,
    "sentKBytesPerSec" : 15.639536711088759
  }
}